Q_0_1;1;0.0;0.0;1e-07;1;1248;-2.352941569897572;2.647058433099956;5.88235294823209;7.0556192000026385e-09
Q_0_2;1;0.0;0.0;1e-07;4;2679;-2.3529414329030356;2.647058565968453;5.882352940559934;-6.165370436406192e-10
Q_0_3;1;0.0;0.0;1e-07;10;5053;-2.3529412159241527;2.647058766148573;5.882352909571553;-3.1604917793970344e-08
Q_0_1;2;0.0;0.0;1e-07;1;1290;-2.3529415694331464;2.6470584329391924;5.8823529467610545;5.584583462336923e-09
Q_0_2;2;0.0;0.0;1e-07;3;2105;-2.3529412937216767;2.6470586335455746;5.882352854681827;-8.649464433574394e-08
Q_0_3;2;0.0;0.0;1e-07;9;4585;-2.3529411716077484;2.647058743937842;5.882352794554423;-1.4662204783633115e-07
Q_0_1;5;0.0;0.0;1e-07;0;762;-2.375166844220647;2.6248331607515794;5.890750616325562;0.008397675149090844
Q_0_2;5;0.0;0.0;1e-07;3;1959;-2.3529411584956743;2.6470588108995745;5.882352906631322;-3.454514896361616e-08
Q_0_3;5;0.0;0.0;1e-07;9;4527;-2.3529410601858496;2.6470588789601406;5.882352833097943;-1.0807852834915366e-07
Q_0_1;10;0.0;0.0;1e-07;0;1038;-2.3529413852028482;2.6470586396416254;5.8823529996347155;5.845824446737424e-08
Q_0_2;10;0.0;0.0;1e-07;3;1887;-2.3529413215469885;2.6470586655715116;5.882352924142091;-1.703438012867764e-08
Q_0_3;10;0.0;0.0;1e-07;9;4512;-2.3529412041566444;2.647058747579704;5.882352855396159;-8.578031174266698e-08
Q_0_1;100;0.0;0.0;1e-07;0;397;-2.3529414736785546;2.647058527204799;5.882352943256446;2.07997530310422e-09
Q_0_2;100;0.0;0.0;1e-07;3;1766;-2.3529414329030356;2.647058565968453;5.882352939541103;-1.6353682852354723e-09
Q_0_3;100;0.0;0.0;1e-07;9;4464;-2.3529412616783176;2.6470587161191004;5.882352901377076;-3.979939489084927e-08
Q_0_1;200;0.0;0.0;1e-07;0;401;-2.352941569897572;2.647058433099956;5.88235294823209;7.0556192000026385e-09
Q_0_2;200;0.0;0.0;1e-07;3;1751;-2.3529414329030356;2.647058565968453;5.882352940559934;-6.165370436406192e-10
Q_0_3;200;0.0;0.0;1e-07;9;4447;-2.3529412159241527;2.647058766148573;5.882352909571553;-3.1604917793970344e-08
Q_0_1;1000;0.0;0.0;1e-07;0;401;-2.3529415694236695;2.647058432935912;5.882352946731037;5.554565696286318e-09
Q_0_2;1000;0.0;0.0;1e-07;2;1291;-2.3529411584956743;2.6470588108995745;5.882352906631322;-3.454514896361616e-08
Q_0_3;1000;0.0;0.0;1e-07;8;4004;-2.3529410601858496;2.6470588789601406;5.882352833097943;-1.0807852834915366e-07
